{
  "weight_scales": {
    "conv1": 0.0032490573999449965,
    "conv2": 0.0019125905562573531,
    "fc": 0.001583188772201538
  },
  "activation_scales": {
    "input": 0.01065766342042938,
    "conv1": 0.010641588939456489,
    "conv2": 0.031824183276319126,
    "fc_in": 0.021169382756150615
  }
}